numero,lexema,tipo,linea,columna
1,## Horario Lenguajes Formales - Segundo Semestre 2026,COMENTARIO_LINEA,1,1
2,HORARIO,RESERVADA_BLOQUE,2,1
3,{,SIMBOLO,2,9
4,CURSOS,RESERVADA_BLOQUE,3,1
5,{,SIMBOLO,3,8
6,curso,RESERVADA_ELEMENTO,4,1
7,:,SIMBOLO,4,6
8,"""Lenguajes Formales y de Programacion""",CADENA,4,8
9,[,SIMBOLO,4,47
10,codigo,ATRIBUTO,4,48
11,:,SIMBOLO,4,54
12,"""LFP-0796""",CODIGO,4,56
13,",",SIMBOLO,4,66
14,creditos,ATRIBUTO,4,68
15,:,SIMBOLO,4,76
16,4,ENTERO,4,78
17,],SIMBOLO,4,79
18,",",SIMBOLO,4,80
19,curso,RESERVADA_ELEMENTO,5,1
20,:,SIMBOLO,5,6
21,"""Bases de Datos 2""",CADENA,5,8
22,[,SIMBOLO,5,27
23,codigo,ATRIBUTO,5,28
24,:,SIMBOLO,5,34
25,"""BD2-0812""",CODIGO,5,36
26,",",SIMBOLO,5,46
27,creditos,ATRIBUTO,5,48
28,:,SIMBOLO,5,56
29,5,ENTERO,5,58
30,],SIMBOLO,5,59
31,",",SIMBOLO,5,60
32,},SIMBOLO,6,1
33,;,SIMBOLO,6,2
34,CATEDRATICOS,RESERVADA_BLOQUE,7,1
35,{,SIMBOLO,7,14
36,catedratico,RESERVADA_ELEMENTO,8,1
37,:,SIMBOLO,8,12
38,"""Otto Rodriguez""",CADENA,8,14
39,[,SIMBOLO,8,31
40,codigo,ATRIBUTO,8,32
41,:,SIMBOLO,8,38
42,"""DOC-001""",CODIGO,8,40
43,",",SIMBOLO,8,49
44,categoria,ATRIBUTO,8,51
45,:,SIMBOLO,8,60
46,TITULAR,CATEGORIA,8,62
47,],SIMBOLO,8,69
48,",",SIMBOLO,8,70
49,catedratico,RESERVADA_ELEMENTO,9,1
50,:,SIMBOLO,9,12
51,"""Vivian Campos""",CADENA,9,14
52,[,SIMBOLO,9,30
53,codigo,ATRIBUTO,9,31
54,:,SIMBOLO,9,37
55,"""DOC-002""",CODIGO,9,39
56,",",SIMBOLO,9,48
57,categoria,ATRIBUTO,9,50
58,:,SIMBOLO,9,59
59,INTERINO,CATEGORIA,9,61
60,],SIMBOLO,9,69
61,",",SIMBOLO,9,70
62,},SIMBOLO,10,1
63,;,SIMBOLO,10,2
64,AULAS,RESERVADA_BLOQUE,11,1
65,{,SIMBOLO,11,7
66,aula,RESERVADA_ELEMENTO,12,1
67,:,SIMBOLO,12,5
68,"""A-101""",CODIGO,12,7
69,[,SIMBOLO,12,15
70,capacidad,ATRIBUTO,12,16
71,:,SIMBOLO,12,25
72,40,ENTERO,12,27
73,",",SIMBOLO,12,29
74,edificio,ATRIBUTO,12,31
75,:,SIMBOLO,12,39
76,"""T-3""",CODIGO,12,41
77,],SIMBOLO,12,46
78,",",SIMBOLO,12,47
79,aula,RESERVADA_ELEMENTO,13,1
80,:,SIMBOLO,13,5
81,"""LAB-3""",CODIGO,13,7
82,[,SIMBOLO,13,15
83,capacidad,ATRIBUTO,13,16
84,:,SIMBOLO,13,25
85,25,ENTERO,13,27
86,",",SIMBOLO,13,29
87,edificio,ATRIBUTO,13,31
88,:,SIMBOLO,13,39
89,"""T-5""",CODIGO,13,41
90,],SIMBOLO,13,46
91,",",SIMBOLO,13,47
92,},SIMBOLO,14,1
93,;,SIMBOLO,14,2
94,CLASES,RESERVADA_BLOQUE,15,1
95,{,SIMBOLO,15,8
96,clase,RESERVADA_ELEMENTO,16,1
97,:,SIMBOLO,16,6
98,"""BD2-0812""",CODIGO,16,8
99,con,RESERVADA_RELACION,16,19
100,"""DOC-002""",CODIGO,16,23
101,en,RESERVADA_RELACION,16,33
102,"""LAB-3""",CODIGO,16,36
103,[,SIMBOLO,16,44
104,dia,ATRIBUTO,16,45
105,:,SIMBOLO,16,48
106,SABADO,DIA,16,50
107,",",SIMBOLO,16,56
108,inicio,ATRIBUTO,16,58
109,:,SIMBOLO,16,64
110,10:20,HORA,16,66
111,",",SIMBOLO,16,71
112,fin,ATRIBUTO,16,73
113,:,SIMBOLO,16,76
114,12:00,HORA,16,78
115,",",SIMBOLO,16,83
116,seccion,ATRIBUTO,16,85
117,:,SIMBOLO,16,92
118,"""B+""",CADENA,16,94
119,],SIMBOLO,16,98
120,",",SIMBOLO,16,99
121,clase,RESERVADA_ELEMENTO,17,1
122,:,SIMBOLO,17,6
123,"""LFP-0796""",CODIGO,17,8
124,con,RESERVADA_RELACION,17,19
125,"""DOC-001""",CODIGO,17,23
126,en,RESERVADA_RELACION,17,33
127,"""A-101""",CODIGO,17,36
128,[,SIMBOLO,17,44
129,dia,ATRIBUTO,17,45
130,:,SIMBOLO,17,48
131,VIERNES,DIA,17,50
132,",",SIMBOLO,17,57
133,inicio,ATRIBUTO,17,59
134,:,SIMBOLO,17,65
135,07:00,HORA,17,67
136,",",SIMBOLO,17,72
137,fin,ATRIBUTO,17,74
138,:,SIMBOLO,17,77
139,08:40,HORA,17,79
140,",",SIMBOLO,17,84
141,seccion,ATRIBUTO,17,86
142,:,SIMBOLO,17,93
143,"""B+""",CADENA,17,95
144,],SIMBOLO,17,99
145,",",SIMBOLO,17,100
146,clase,RESERVADA_ELEMENTO,18,1
147,:,SIMBOLO,18,6
148,"""BD2-0812""",CODIGO,18,8
149,con,RESERVADA_RELACION,18,19
150,"""DOC-002""",CODIGO,18,23
151,en,RESERVADA_RELACION,18,33
152,"""LAB-3""",CODIGO,18,36
153,[,SIMBOLO,18,44
154,dia,ATRIBUTO,18,45
155,:,SIMBOLO,18,48
156,JUEVES,DIA,18,50
157,",",SIMBOLO,18,56
158,inicio,ATRIBUTO,18,58
159,:,SIMBOLO,18,64
160,10:20,HORA,18,66
161,",",SIMBOLO,18,71
162,fin,ATRIBUTO,18,73
163,:,SIMBOLO,18,76
164,12:00,HORA,18,78
165,",",SIMBOLO,18,83
166,seccion,ATRIBUTO,18,85
167,:,SIMBOLO,18,92
168,"""B+""",CADENA,18,94
169,],SIMBOLO,18,98
170,",",SIMBOLO,18,99
171,clase,RESERVADA_ELEMENTO,19,1
172,:,SIMBOLO,19,6
173,"""LFP-0796""",CODIGO,19,8
174,con,RESERVADA_RELACION,19,19
175,"""DOC-001""",CODIGO,19,23
176,en,RESERVADA_RELACION,19,33
177,"""A-101""",CODIGO,19,36
178,[,SIMBOLO,19,44
179,dia,ATRIBUTO,19,45
180,:,SIMBOLO,19,48
181,MIERCOLES,DIA,19,50
182,",",SIMBOLO,19,59
183,inicio,ATRIBUTO,19,61
184,:,SIMBOLO,19,67
185,07:00,HORA,19,69
186,",",SIMBOLO,19,74
187,fin,ATRIBUTO,19,76
188,:,SIMBOLO,19,79
189,08:40,HORA,19,81
190,",",SIMBOLO,19,86
191,seccion,ATRIBUTO,19,88
192,:,SIMBOLO,19,95
193,"""B+""",CADENA,19,97
194,],SIMBOLO,19,101
195,",",SIMBOLO,19,102
196,clase,RESERVADA_ELEMENTO,20,1
197,:,SIMBOLO,20,6
198,"""BD2-0812""",CODIGO,20,8
199,con,RESERVADA_RELACION,20,19
200,"""DOC-001""",CODIGO,20,23
201,en,RESERVADA_RELACION,20,33
202,"""LAB-3""",CODIGO,20,36
203,[,SIMBOLO,20,44
204,dia,ATRIBUTO,20,45
205,:,SIMBOLO,20,48
206,LUNES,DIA,20,50
207,",",SIMBOLO,20,55
208,inicio,ATRIBUTO,20,57
209,:,SIMBOLO,20,63
210,07:30,HORA,20,65
211,",",SIMBOLO,20,70
212,fin,ATRIBUTO,20,72
213,:,SIMBOLO,20,75
214,09:00,HORA,20,77
215,",",SIMBOLO,20,82
216,seccion,ATRIBUTO,20,84
217,:,SIMBOLO,20,91
218,"""B+""",CADENA,20,93
219,],SIMBOLO,20,97
220,",",SIMBOLO,20,98
221,clase,RESERVADA_ELEMENTO,21,1
222,:,SIMBOLO,21,6
223,"""LFP-0796""",CODIGO,21,8
224,con,RESERVADA_RELACION,21,19
225,"""DOC-001""",CODIGO,21,23
226,en,RESERVADA_RELACION,21,33
227,"""A-101""",CODIGO,21,36
228,[,SIMBOLO,21,44
229,dia,ATRIBUTO,21,45
230,:,SIMBOLO,21,48
231,LUNES,DIA,21,50
232,",",SIMBOLO,21,55
233,inicio,ATRIBUTO,21,57
234,:,SIMBOLO,21,63
235,07:00,HORA,21,65
236,",",SIMBOLO,21,70
237,fin,ATRIBUTO,21,72
238,:,SIMBOLO,21,75
239,08:40,HORA,21,77
240,",",SIMBOLO,21,82
241,seccion,ATRIBUTO,21,84
242,:,SIMBOLO,21,91
243,"""B+""",CADENA,21,93
244,],SIMBOLO,21,97
245,",",SIMBOLO,21,98
246,clase,RESERVADA_ELEMENTO,22,1
247,:,SIMBOLO,22,6
248,"""BD2-0812""",CODIGO,22,8
249,con,RESERVADA_RELACION,22,19
250,"""DOC-002""",CODIGO,22,23
251,en,RESERVADA_RELACION,22,33
252,"""LAB-3""",CODIGO,22,36
253,[,SIMBOLO,22,44
254,dia,ATRIBUTO,22,45
255,:,SIMBOLO,22,48
256,MARTES,DIA,22,50
257,",",SIMBOLO,22,56
258,inicio,ATRIBUTO,22,58
259,:,SIMBOLO,22,64
260,10:20,HORA,22,66
261,",",SIMBOLO,22,71
262,fin,ATRIBUTO,22,73
263,:,SIMBOLO,22,76
264,12:00,HORA,22,78
265,",",SIMBOLO,22,83
266,seccion,ATRIBUTO,22,85
267,:,SIMBOLO,22,92
268,"""B+""",CADENA,22,94
269,],SIMBOLO,22,98
270,",",SIMBOLO,22,99
271,},SIMBOLO,23,1
272,;,SIMBOLO,23,2
273,},SIMBOLO,24,1
274,;,SIMBOLO,24,2
